一、`Mysql`表单查询`select`：`DQL`

- 简单查询

- 通过条件查询

- 查询排序

- 限制查询记录数

- 使用集合函数查询

- 分组查询

- 使用正则表达式查询

  

- 准备环境：

  表`employee5`

  ```sql
  雇员编号
  雇员姓名
  雇员性别
  雇佣时间
  职位
  职位描述
  薪水
  办公室
  部门编号
  mysql> create table employee5(
       id int primary key auto_increment not null,
       name varchar(30) not null,
       sex enum('male','female') default 'male' not null,
       hire_date date not null,
       post varchar(50) not null,
       job_description varchar(100),
       salary double(15,2) not null,
       office int,
       dep_id int
       );
      
  mysql> insert into employee5(name,sex,hire_date,post,job_description,salary,office,dep_id) values
      -> ('jack','male','20190202','instructor','teach',5000,501,100),
      -> ('tom','male','20190203','instructor','teach',5500,501,100),
      -> ('robin','male','20190202','instructor','teach',8000,501,100),
      -> ('alice','female','20190202','instructor','teach',7200,501,100),
      -> ('martin','male','20190202','hr','hrcc',7200,501,100),
      -> ('martin','male','20190202','hr','NULL',6000,501,101),
      -> ('martin','male','20190202','sale','salecc',6000,503,102)
      -> ;
  ```

1. 简单查询

   - 简单查询

     `select * from employee5;`

     `select name,salary,dep_id from employee5;`

   - 避免重复`DISTINCT`

     `select post from employee5;`

     `select distinct post from employee5;`

     注：不能部分使用`DISTINCT`，通常仅用于某一字段。

   - 通过四则运算查询

     `select name,salary,salary*14 from employee5;`

     `select name,salary,salary*14 AS Annual_salary from employee5;` `#AS Annual_salary别名`

     `select name,salary,salary*14 Annual_salary from employee5;`

   - 定义显示格式

     `CONCAT()`函数用于连接字符串

     `select concat(name,'annual salary:',salary*14) AS Annual_salary from employee5`

2. 单条件查询

   - 单条件查询

     `select name,post from employee5 where post='hr';`

   - 多条件查询

     `select name,salary from employee5 where post='hr' and salary>10000;`

   - 关键字`BETWEEN AND`

     `select name,salary from employee5 where salary NOT between 5000 and 15000;`

   - 关键字 `IS NULL`

     `select name,job_description  from employee5 where job_description is null;`

   - 关键字`IN`集合查询

     `select name,salary from employee5 where salary=4000 OR salary=5000 OR salary=6000 OR salary=9000;`

     `select name,salary from employee5 where salary IN(4000,5000,6000,9000);`

     `select name,salary from employee5 where salary NOT IN(4000,5000,6000,9000);`

   - 关键字`LIKE`模糊查询

     - 通配符'%'，任意多个字符

       `select * from employee5 where name like 'al%';`

     - 通配符'_'，任意单个字符

       `select * from employee5 where name like 'al__'`

3. 查询排序

   - 按单列排序

     `select * from employee5 order by salary;`

     `select name,salary from employee5 order by salary ASC;`   从大到小，升序

     `select name,salary from employee5 order by salary DESC;`  从小到大，降序

   - 按多列排序

     `select * from employee5 order by hire_date DESC,salary ASC;`

4. 限制查询的记录数

   `select * from employee5 order by salary DESC LIMIT5;` //默认初始位置为0

   `select * from employee5 order by salary DESC LIMIT 0,5;`    //显示前5条

   `select * from employee5 order by salary DESC LIMIT 0,5;`   //从第4条开始，共显示5条

5. 使用集合函数查询

   `select count(*) from employee5;`   //查询条目数量

   `select count(*) from employee5 where dep_id=101;`

   `select max(salary) from employee5;`

   `select min(salary) from employee5;`

   `select avg(salary) from employee5;`

   `select sum(salary) from employee5;`

   `select sum(salary) from employee5 where dep_id=101;`

6. 分组查询

   `group by`和`group_concat()`函数一起使用

   - `select dep_id,group_concat(name) from employee5 group by dep_id;`
   - `select dep_id,group_concat(name) as emp_members from employee5 group by dep_id;`

   ```sql
   mysql> select * from employee5;
   +----+--------+--------+------------+------------+-----------------+---------+--------+--------+
   | id | name   | sex    | hire_date  | post       | job_description | salary  | office | dep_id |
   +----+--------+--------+------------+------------+-----------------+---------+--------+--------+
   |  1 | jack   | male   | 2019-02-02 | instructor | teach           | 5000.00 |    501 |    100 |
   |  2 | tom    | male   | 2019-02-03 | instructor | teach           | 5500.00 |    501 |    100 |
   |  3 | robin  | male   | 2019-02-02 | instructor | teach           | 8000.00 |    501 |    100 |
   |  4 | alice  | female | 2019-02-02 | instructor | teach           | 7200.00 |    501 |    100 |
   |  5 | martin | male   | 2019-02-02 | hr         | hrcc            | 7200.00 |    501 |    100 |
   |  6 | martin | male   | 2019-02-02 | hr         | NULL            | 6000.00 |    501 |    101 |
   |  7 | martin | male   | 2019-02-02 | sale       | salecc          | 6000.00 |    503 |    102 |
   +----+--------+--------+------------+------------+-----------------+---------+--------+--------+
   7 rows in set (0.00 sec)
   
   mysql> select dep_id,group_concat(name) from employee5 group by dep_id;
   +--------+-----------------------------+
   | dep_id | group_concat(name)          |
   +--------+-----------------------------+
   |    100 | jack,tom,robin,alice,martin |
   |    101 | martin                      |
   |    102 | martin                      |
   +--------+-----------------------------+
   3 rows in set (0.01 sec)
   
   mysql> select dep_id,group_concat(name) as emp_members from employee5 group by dep_id;
   +--------+-----------------------------+
   | dep_id | emp_members                 |
   +--------+-----------------------------+
   |    100 | jack,tom,robin,alice,martin |
   |    101 | martin                      |
   |    102 | martin                      |
   +--------+-----------------------------+
   
   ```

7. 使用正则表达式查询

   `select * from employee5 where name REGEXP '^ali';`

   `select * from employee5 where name REGEXP 'yun$';`

   `select * from employee5 where name REGEXP 'm{2}';`

   Tips:对字符串匹配的方式

   - `where name = 'tom';`
   - `where name LIKE 'to%';`
   - `where name REGEXP '^ali'`

8. `Mysql`多表查询

   ```sql
   # 环境准备
   # 表1
   mysql> create table employee6(
       -> emp_id int auto_increment primary key not null,
       -> emp_name varchar(50),
       -> age int,
       -> dept_id int
       -> );
   mysql> insert into employee6(emp_name,age,dept_id) values
       -> ('tianyun',19,200),
       -> ('tom',26,201),
       -> ('jack',30,201),
       -> ('alice',24,202),
       -> ('robin',40,200),
       -> ('natasha',28,204);
   # 表2
   mysql> create table department6(
       -> dept_id int,
       -> dept_name varchar(100)
       -> );
   mysql> insert into department6 values
       -> (200,'hr'),
       -> (201,'it'),
       -> (202,'sale'),
       -> (203,'fd');
   ```

   1. 多表的连接查询

      - 交叉连接：生成笛卡儿积，它不适用任何匹配条件
      - 内连接：只连接匹配的行
      - 外连接之左连接：会显示左边表内所有的值，不论在右边表内匹配不匹配
      - 外连接之右连接：会显示右边表内所有的值，不论在左边表内匹配不匹配
      - 全外连接：包含左，右两个表的全部行

   2. 交叉连接

      `select employee6.emp_name,employee6.age,employee6.dept_id,department6.dept_name from employee6,department6;`

   3. 内连接

      `select employee6.emp_name,employee6.age,employee6.dept_id,department6.dept_name from employee6,department6 where employee6.dept_id=department6.dept_id;`

      ```sql
      mysql> select employee6.emp_name,employee6.age,employee6.dept_id,department6.dept_name from employee6,department6 where employee6.dept_id=department6.dept_id;
      +----------+------+---------+-----------+
      | emp_name | age  | dept_id | dept_name |
      +----------+------+---------+-----------+
      | tianyun  |   19 |     200 | hr        |
      | tom      |   26 |     201 | it        |
      | jack     |   30 |     201 | it        |
      | alice    |   24 |     202 | sale      |
      | robin    |   40 |     200 | hr        |
      +----------+------+---------+-----------+
      
      ```

   4. 外连接

      `select 字段列表 from 表1 LEFT|RIGHT JOIN 表2 ON 表1.字段=表2.字段;`

      ```sql
      # 左连接 left join  
      # 找出所有员工及所属的部门，包括没有部门的员工
      mysql> select emp_id,emp_name,dept_name from employee6 left join department6 on employee6.dept_id=department6.dept_id;
      +--------+----------+-----------+
      | emp_id | emp_name | dept_name |
      +--------+----------+-----------+
      |      1 | tianyun  | hr        |
      |      5 | robin    | hr        |
      |      2 | tom      | it        |
      |      3 | jack     | it        |
      |      4 | alice    | sale      |
      |      6 | natasha  | NULL      |
      +--------+----------+-----------+
      
      ```

9. 复合条件连接查询

   - 示例1：以内连接的方式查询`employee6`和`department6`表，并且`employee6`表中的`age`字段必须大于25（找出公司所有部门中年龄大于25岁的员工）

     ```sql
     mysql> select emp_id,emp_name,age,dept_name
         -> from employee6,department6
         -> where employee6.dept_id=department6.dept_id
         -> and age>25;
     +--------+----------+------+-----------+
     | emp_id | emp_name | age  | dept_name |
     +--------+----------+------+-----------+
     |      5 | robin    |   40 | hr        |
     |      2 | tom      |   26 | it        |
     |      3 | jack     |   30 | it        |
     +--------+----------+------+-----------+
     
     ```

   - 内连接查询两个表，并且age字段升序排列

     ```sql
     mysql> select emp_id,emp_name,age,dept_name
          from employee6,department6
          where employee6.dept_id=department6.dept_id
          order by age asc;
     ```

10. 子查询

    - 子查询是将一个查询语句嵌套在另一个查询语句中。
    - 内层查询语句的查询结果，可以为内层查询语句提供查询条件。
    - 子查询中可以包含：`in、not in、any、all、exists和not exists`等关键字
    - 还可以包含比较运算符：`=、!=、>、<`等

    1. 带`IN`关键字的子查询

       查询`employee6`表，但`dept_id`必须在`department`表中出现过

       `select * from employee6 where dept_id IN (select dept_id from department6);`

    2. 带比较运算符的子查询

       查询年龄大于等于25岁员工所在部门(查询老龄化的部门)

       `select dept_id,dept_name from department6 where dept_id IN (select DISTINCT dept_id from employee6 where age>=25);`

    3. 带`EXISTS`关键字的查询

       `EXISTS`关键字表示存在，在使用`EXISTS`关键字时，内层查询语句不返回查询的记录，而是返回一个布尔值，当返回`true`时，外层语句将进行查询；当返回值为`false`时，外层查询语句不进行查询

       `department6`表中存在`dept_id=203 True`

       `select * from employee6 where EXISTS (select * from department6 where dept_id=203);`

       ```sql
       mysql> select * from employee6 where EXISTS (select * from department6 where dept_id=203);
       +--------+----------+------+---------+
       | emp_id | emp_name | age  | dept_id |
       +--------+----------+------+---------+
       |      1 | tianyun  |   19 |     200 |
       |      2 | tom      |   26 |     201 |
       |      3 | jack     |   30 |     201 |
       |      4 | alice    |   24 |     202 |
       |      5 | robin    |   40 |     200 |
       |      6 | natasha  |   28 |     204 |
       +--------+----------+------+---------+
       6 rows in set (0.00 sec)
       
       mysql> select * from employee6 where EXISTS (select * from department6 where dept_id=209);
       Empty set (0.00 sec)
       ```